{
  "project_info": {
    "project_number": "821526016379",
    "firebase_url": "https://somethingamazing-22208.firebaseio.com",
    "project_id": "somethingamazing-22208",
    "storage_bucket": "somethingamazing-22208.appspot.com"
  },
  "client": [
    {
      "client_info": {
        "mobilesdk_app_id": "1:821526016379:android:fa0733e267ea9091",
        "android_client_info": {
          "package_name": "com.digitalads.android"
        }
      },
      "oauth_client": [
        {
          "client_id": "821526016379-qm1mn4lbddeeflsqaj4178vpr37sumn2.apps.googleusercontent.com",
          "client_type": 1,
          "android_info": {
            "package_name": "com.digitalads.android",
            "certificate_hash": "a08136e40c29e73598884848cb038ceb76da3eb8"
          }
        },
        {
          "client_id": "821526016379-1g9g7hdj59aqtg884575ieidv5rfclnq.apps.googleusercontent.com",
          "client_type": 3
        }
      ],
      "api_key": [
        {
          "current_key": "AIzaSyC0f9phudIxcel7HRInmzfBFxE9LY0IgHg"
        }
      ],
      "services": {
        "appinvite_service": {
          "other_platform_oauth_client": [
            {
              "client_id": "821526016379-1g9g7hdj59aqtg884575ieidv5rfclnq.apps.googleusercontent.com",
              "client_type": 3
            }
          ]
        }
      }
    }
  ],
  "configuration_version": "1"
}